{"steps":0,"q_halt_loss":0.18996047973632812,"_runtime":55.338563033,"exact_accuracy":0,"accuracy":0,"_wandb":{"runtime":55},"lr":9e-06,"q_halt_accuracy":0,"_timestamp":1.760421515536572e+09,"loss":54.29006591707933,"_step":90,"count":0,"lm_loss":54.19508567721117}