{"train/q_halt_loss":0.05903582771619161,"train/accuracy":0.9988478197032822,"ARC/pass@1":0.43125,"ARC/pass@100":0.6575,"ARC/pass@2":0.485,"_step":518071,"ARC/pass@5":0.54875,"ARC/pass@1000":0.6975,"train/steps":1.1284829721362228,"train/count":1,"train/q_halt_accuracy":0.9814241486068112,"_wandb":{"runtime":296254},"train/lr":0.0001,"train/lm_loss":0.013389972002942245,"ARC/pass@10":0.5825,"all":{"q_halt_accuracy":0.7246996760368347,"q_halt_loss":1.2742013931274414,"steps":16,"accuracy":0.8799014687538147,"exact_accuracy":0.3324987292289734,"lm_loss":0.682098388671875},"_timestamp":1.7608702508057501e+09,"num_params":6829058,"train/exact_accuracy":0.9814241486068112,"_runtime":296254.746879981}